<?xml version="1.0" encoding="UTF-8"?>
<vcs-root xmlns:xsi="http://www.w3.org/2001/XMLSchema-instance" uuid="d72e5d91-db52-4c33-8f1d-fd5e6d26d543" type="jetbrains.git" xsi:noNamespaceSchemaLocation="https://www.jetbrains.com/teamcity/schemas/2018.1/project-config.xsd">
  <name>https://github.com/schwrrring/teamcity.git#refs/heads/master</name>
  <param name="agentCleanFilesPolicy" value="ALL_UNTRACKED" />
  <param name="agentCleanPolicy" value="ON_BRANCH_CHANGE" />
  <param name="authMethod" value="ANONYMOUS" />
  <param name="branch" value="refs/heads/master" />
  <param name="ignoreKnownHosts" value="true" />
  <param name="submoduleCheckout" value="CHECKOUT" />
  <param name="url" value="https://github.com/schwrrring/teamcity.git" />
  <param name="useAlternates" value="true" />
  <param name="usernameStyle" value="USERID" />
</vcs-root>

